figure,panel,path
Figure 3,a,int/Color_by_temporal_origin/Previously_known_R/ME_R_pre_temporal_known_asis_Notch On_intrinsic.pdf
Figure 3,a',int/Color_by_early_late/Previously_known_R/ME_R_pre_broad_known_asis_Notch On_intrinsic.pdf
Figure 3,b,int/Color_by_temporal_origin/Previously_known_R/ME_R_post_temporal_known_asis_Notch On_intrinsic.pdf
Figure 3,b',int/Color_by_early_late/Previously_known_R/ME_R_post_broad_known_asis_Notch On_intrinsic.pdf
Figure 3,c,int/Color_by_temporal_origin/Previously_known_R/ME_R_pre_temporal_known_asis_Notch Off_intrinsic.pdf
Figure 3,c',int/Color_by_early_late/Previously_known_R/ME_R_pre_broad_known_asis_Notch Off_intrinsic.pdf
Figure 3,d,int/Color_by_temporal_origin/Previously_known_R/ME_R_post_temporal_known_asis_Notch Off_intrinsic.pdf
Figure 3,d',int/Color_by_early_late/Previously_known_R/ME_R_post_broad_known_asis_Notch Off_intrinsic.pdf
Figure 3,e,int/Color_by_temporal_origin/Previously_known_R/LO_R_pre_temporal_known_asis_Notch On_projection.pdf
Figure 3,e',int/Color_by_early_late/Previously_known_R/LO_R_pre_broad_known_asis_Notch On_projection.pdf
Figure 3,f,int/Color_by_temporal_origin/Previously_known_R/LO_R_post_temporal_known_asis_Notch On_projection.pdf
Figure 3,f',int/Color_by_early_late/Previously_known_R/LO_R_post_broad_known_asis_Notch On_projection.pdf
Figure 3,g,int/Color_by_temporal_origin/Previously_known_R/LO_R_pre_temporal_known_asis_Notch Off_projection.pdf
Figure 3,g',int/Color_by_early_late/Previously_known_R/LO_R_pre_broad_known_asis_Notch Off_projection.pdf
Figure 3,h,int/Color_by_temporal_origin/Previously_known_R/LO_R_post_temporal_known_asis_Notch Off_projection.pdf
Figure 3,h',int/Color_by_early_late/Previously_known_R/LO_R_post_broad_known_asis_Notch Off_projection.pdf
Figure 3,i,int/Color_by_temporal_origin/All_confidently_annotated_highlighting_new_R/ME_R_pre_temporal_new_asis_Notch Off_intrinsic.pdf
Figure 3,i',int/Color_by_early_late/All_confidently_annotated_highlighting_new_R/ME_R_pre_broad_new_asis_Notch Off_intrinsic.pdf
Figure 3,j,int/Color_by_temporal_origin/All_confidently_annotated_highlighting_new_R/ME_R_post_temporal_new_asis_Notch Off_intrinsic.pdf
Figure 3,j',int/Color_by_early_late/All_confidently_annotated_highlighting_new_R/ME_R_post_broad_new_asis_Notch Off_intrinsic.pdf
Figure 3,k,int/Color_by_temporal_origin/All_confidently_annotated_highlighting_new_R/LO_R_pre_temporal_new_asis_Notch On_projection.pdf
Figure 3,k',int/Color_by_early_late/All_confidently_annotated_highlighting_new_R/LO_R_pre_broad_new_asis_Notch On_projection.pdf
Figure 3,l,int/Color_by_temporal_origin/All_confidently_annotated_highlighting_new_R/LO_R_post_temporal_new_asis_Notch On_projection.pdf
Figure 3,l',int/Color_by_early_late/All_confidently_annotated_highlighting_new_R/LO_R_post_broad_new_asis_Notch On_projection.pdf
Figure 3,m,int/Color_by_temporal_origin/All_confidently_annotated_highlighting_new_R/LO_R_pre_temporal_new_asis_Notch Off_projection.pdf
Figure 3,m',int/Color_by_early_late/All_confidently_annotated_highlighting_new_R/LO_R_pre_broad_new_asis_Notch Off_projection.pdf
Figure 3,n,int/Color_by_temporal_origin/All_confidently_annotated_highlighting_new_R/LO_R_post_temporal_new_asis_Notch Off_projection.pdf
Figure 3,n',int/Color_by_early_late/All_confidently_annotated_highlighting_new_R/LO_R_post_broad_new_asis_Notch Off_projection.pdf
Figure 4,a,int/Color_by_cell_type/Putative_OPC_types_R/LO_R_pre_type_putative_asis_all.pdf
Figure 4,a',int/Color_by_cell_type/Putative_OPC_types_R/LO_R_pre_type_putative_1_asis_all.pdf
Figure 4,a'',int/Color_by_cell_type/Putative_OPC_types_R/LO_R_pre_type_putative_2_asis_all.pdf
Figure 4,b,int/Color_by_cell_type/Putative_OPC_types_R/LO_R_post_type_putative_asis_all.pdf
Figure 4,b',int/Color_by_cell_type/Putative_OPC_types_R/LO_R_post_type_putative_1_asis_all.pdf
Figure 4,b'',int/Color_by_cell_type/Putative_OPC_types_R/LO_R_post_type_putative_2_asis_all.pdf
Figure 4,new,"int/Color_by_cell_type/Putative_OPC_types_R/LO_R_{pre,post}_type_putative_{3..9}_asis_all.pdf"
Figure 4,c,int/Color_by_temporal_origin/All_confidently_annotated_R/LO_R_pre_temporal_all_asis_Notch On_projection.pdf
Figure 4,c',int/Color_by_temporal_origin/All_confidently_annotated_R/LO_R_pre_temporal_all_asis_Notch Off_projection.pdf
Figure 4,d,int/Color_by_temporal_origin/All_confidently_annotated_R/LO_R_post_temporal_all_asis_Notch On_projection.pdf
Figure 4,d',int/Color_by_temporal_origin/All_confidently_annotated_R/LO_R_post_temporal_all_asis_Notch Off_projection.pdf
Figure 5,a,int/Color_by_function_subsystem/Previously_known_R/ME_R_pre_subsystem_known_asis_Notch On_intrinsic.pdf
Figure 5,a',int/Color_by_function_subsystem/Previously_known_R/ME_R_post_subsystem_known_asis_Notch On_intrinsic.pdf
Figure 5,b,int/Color_by_function_subsystem/Previously_known_R/ME_R_pre_subsystem_known_asis_Notch Off_intrinsic.pdf
Figure 5,b',int/Color_by_function_subsystem/Previously_known_R/ME_R_post_subsystem_known_asis_Notch Off_intrinsic.pdf
Figure 5,c,int/Color_by_function_subsystem/Previously_known_R/LO_R_pre_subsystem_known_asis_Notch On_projection.pdf
Figure 5,c',int/Color_by_function_subsystem/Previously_known_R/LO_R_post_subsystem_known_asis_Notch On_projection.pdf
Figure 5,d,int/Color_by_function_subsystem/Previously_known_R/LO_R_pre_subsystem_known_asis_Notch Off_projection.pdf
Figure 5,d',int/Color_by_function_subsystem/Previously_known_R/LO_R_post_subsystem_known_asis_Notch Off_projection.pdf
Figure 5,e,int/Color_by_function_subsystem/All_confidently_annotated_highlighting_new_R/ME_R_pre_subsystem_new_asis_Notch Off_intrinsic.pdf
Figure 5,e',int/Color_by_function_subsystem/All_confidently_annotated_highlighting_new_R/ME_R_post_subsystem_new_asis_Notch Off_intrinsic.pdf
Figure 5,f,int/Color_by_function_subsystem/All_confidently_annotated_highlighting_new_R/LO_R_pre_subsystem_new_asis_Notch On_projection.pdf
Figure 5,f',int/Color_by_function_subsystem/All_confidently_annotated_highlighting_new_R/LO_R_post_subsystem_new_asis_Notch On_projection.pdf
Figure 5,g,int/Color_by_function_subsystem/All_confidently_annotated_highlighting_new_R/LO_R_pre_subsystem_new_asis_Notch Off_projection.pdf
Figure 5,g',int/Color_by_function_subsystem/All_confidently_annotated_highlighting_new_R/LO_R_post_subsystem_new_asis_Notch Off_projection.pdf
Figure 6,a,int/Selector/R/LO_R_pre_asis_vvl_NotchOn.pdf
Figure 6,a,int/Selector/R/LO_R_post_asis_vvl_NotchOn.pdf
Figure 6,b,int/Selector/R/LO_R_pre_asis_sim_NotchOn.pdf
Figure 6,b,int/Selector/R/LO_R_post_asis_sim_NotchOn.pdf
Figure 6,c,int/Selector/R/LO_R_pre_asis_TfAP-2_NotchOn.pdf
Figure 6,c,int/Selector/R/LO_R_post_asis_TfAP-2_NotchOn.pdf
Figure 6,c,int/Selector/R/LO_R_pre_asis_TfAP-2_NotchOff.pdf
Figure 6,c,int/Selector/R/LO_R_post_asis_TfAP-2_NotchOff.pdf
Figure 6,d,int/Selector/R/LO_R_pre_asis_fru_NotchOn.pdf
Figure 6,d,int/Selector/R/LO_R_post_asis_fru_NotchOn.pdf
Figure 6,d,int/Selector/R/LO_R_pre_asis_fru_NotchOff.pdf
Figure 6,d,int/Selector/R/LO_R_post_asis_fru_NotchOff.pdf
Figure 6,e,int/Selector/R/LO_R_pre_asis_D_NotchOn.pdf
Figure 6,e,int/Selector/R/LO_R_post_asis_D_NotchOn.pdf
Figure 6,e,int/Selector/R/LO_R_pre_asis_D_NotchOff.pdf
Figure 6,e,int/Selector/R/LO_R_post_asis_D_NotchOff.pdf
Figure 6,f,int/Selector/R/ME_R_pre_asis_hth_NotchOn.pdf
Figure 6,f,int/Selector/R/ME_R_post_asis_hth_NotchOn.pdf
Figure 6,f,int/Selector/R/ME_R_pre_asis_hth_NotchOff.pdf
Figure 6,f,int/Selector/R/ME_R_post_asis_hth_NotchOff.pdf
Figure 6,g,int/Selector/R/ME_R_pre_asis_Dll_NotchOff.pdf
Figure 6,g,int/Selector/R/ME_R_post_asis_Dll_NotchOff.pdf
Figure 6,h,int/Selector/R/ME_R_pre_asis_ham_NotchOff.pdf
Figure 6,h,int/Selector/R/ME_R_post_asis_ham_NotchOff.pdf
Figure 6,i,int/Selector/R/ME_R_pre_asis_Ets65A_NotchOff.pdf
Figure 6,i,int/Selector/R/ME_R_post_asis_Ets65A_NotchOff.pdf
Figure 6,j,int/Selector/R/ME_R_pre_asis_oc_NotchOff.pdf
Figure 6,j,int/Selector/R/ME_R_post_asis_oc_NotchOff.pdf
Figure 6,k,int/Selector/R/ME_R_pre_asis_Sox102F_NotchOn.pdf
Figure 6,k,int/Selector/R/ME_R_post_asis_Sox102F_NotchOn.pdf
Figure 6,k,int/Selector/R/ME_R_pre_asis_Sox102F_NotchOff.pdf
Figure 6,k,int/Selector/R/ME_R_post_asis_Sox102F_NotchOff.pdf
Supp. Figure 6,a,int/Supp_fig_Y1.pdf
Supp. Figure 6,b,int/Supp_fig_Y1.pdf
Supp. Figure 6,c,int/Supp_fig_Y1.pdf
Supp. Figure 6,d,int/Supp_fig_Y1.pdf
Supp. Figure 6,e,int/Supp_fig_Y1.pdf
Supp. Figure 6,f,int/Supp_fig_Y1.pdf
Supp. Figure 6,g,int/Supp_fig_Y1.pdf
Supp. Figure 6,h,int/Supp_fig_Y1.pdf
Supp. Figure 6,i,int/Supp_fig_Y1.pdf
Supp. Figure 6,j,int/Supp_fig_Y1.pdf
Supp. Figure 6,k,int/Supp_fig_Y1.pdf
Supp. Figure 6,l,int/Supp_fig_Y1.pdf
Supp. Figure 6,m,int/Supp_fig_Y1.pdf
Supp. Figure 7,a,int/Color_by_temporal_origin/Previously_known_R/ME_R_pre_temporal_known_asis_Notch On_projection.pdf
Supp. Figure 7,a',int/Color_by_early_late/Previously_known_R/ME_R_pre_broad_known_asis_Notch On_projection.pdf
Supp. Figure 7,b,int/Color_by_temporal_origin/Previously_known_R/ME_R_post_temporal_known_asis_Notch On_projection.pdf
Supp. Figure 7,b',int/Color_by_early_late/Previously_known_R/ME_R_post_broad_known_asis_Notch On_projection.pdf
Supp. Figure 7,c,int/Color_by_temporal_origin/Previously_known_R/ME_R_pre_temporal_known_asis_Notch Off_projection.pdf
Supp. Figure 7,c',int/Color_by_early_late/Previously_known_R/ME_R_pre_broad_known_asis_Notch Off_projection.pdf
Supp. Figure 7,d,int/Color_by_temporal_origin/Previously_known_R/ME_R_post_temporal_known_asis_Notch Off_projection.pdf
Supp. Figure 7,d',int/Color_by_early_late/Previously_known_R/ME_R_post_broad_known_asis_Notch Off_projection.pdf
Supp. Figure 7,e,int/Color_by_temporal_origin/All_confidently_annotated_highlighting_new_R/ME_R_pre_temporal_new_asis_Notch On_projection.pdf
Supp. Figure 7,e',int/Color_by_early_late/All_confidently_annotated_highlighting_new_R/ME_R_pre_broad_new_asis_Notch On_projection.pdf
Supp. Figure 7,f,int/Color_by_temporal_origin/All_confidently_annotated_highlighting_new_R/ME_R_post_temporal_new_asis_Notch On_projection.pdf
Supp. Figure 7,f',int/Color_by_early_late/All_confidently_annotated_highlighting_new_R/ME_R_post_broad_new_asis_Notch On_projection.pdf
Supp. Figure 7,g,int/Color_by_temporal_origin/All_confidently_annotated_highlighting_new_R/ME_R_pre_temporal_new_asis_Notch Off_projection.pdf
Supp. Figure 7,g',int/Color_by_early_late/All_confidently_annotated_highlighting_new_R/ME_R_pre_broad_new_asis_Notch Off_projection.pdf
Supp. Figure 7,h,int/Color_by_temporal_origin/All_confidently_annotated_highlighting_new_R/ME_R_post_temporal_new_asis_Notch Off_projection.pdf
Supp. Figure 7,h',int/Color_by_early_late/All_confidently_annotated_highlighting_new_R/ME_R_post_broad_new_asis_Notch Off_projection.pdf
Supp. Figure 7,i,int/Color_by_temporal_origin/Previously_known_R/LOP_R_pre_temporal_known_asis_Notch On_projection.pdf
Supp. Figure 7,i',int/Color_by_early_late/Previously_known_R/LOP_R_pre_broad_known_asis_Notch On_projection.pdf
Supp. Figure 7,j,int/Color_by_temporal_origin/Previously_known_R/LOP_R_post_temporal_known_asis_Notch On_projection.pdf
Supp. Figure 7,j',int/Color_by_early_late/Previously_known_R/LOP_R_post_broad_known_asis_Notch On_projection.pdf
Supp. Figure 7,k,int/Color_by_temporal_origin/Previously_known_R/LOP_R_pre_temporal_known_asis_Notch Off_projection.pdf
Supp. Figure 7,k',int/Color_by_early_late/Previously_known_R/LOP_R_pre_broad_known_asis_Notch Off_projection.pdf
Supp. Figure 7,l,int/Color_by_temporal_origin/Previously_known_R/LOP_R_post_temporal_known_asis_Notch Off_projection.pdf
Supp. Figure 7,l',int/Color_by_early_late/Previously_known_R/LOP_R_post_broad_known_asis_Notch Off_projection.pdf
Supp. Figure 7,m,int/Color_by_temporal_origin/All_confidently_annotated_highlighting_new_R/LOP_R_pre_temporal_new_asis_Notch On_projection.pdf
Supp. Figure 7,m',int/Color_by_early_late/All_confidently_annotated_highlighting_new_R/LOP_R_pre_broad_new_asis_Notch On_projection.pdf
Supp. Figure 7,n,int/Color_by_temporal_origin/All_confidently_annotated_highlighting_new_R/LOP_R_post_temporal_new_asis_Notch On_projection.pdf
Supp. Figure 7,n',int/Color_by_early_late/All_confidently_annotated_highlighting_new_R/LOP_R_post_broad_new_asis_Notch On_projection.pdf
Supp. Figure 8,a,int/similarity_trees/similarity_tree.pdf
Supp. Figure 8,b,int/similarity_trees/similarity_tree.pdf
Supp. Figure 9,a,int/Supp_fig_Y2.pdf
Supp. Figure 9,b,int/Supp_fig_Y2.pdf
Supp. Figure 9,c,int/Supp_fig_Y2.pdf
Supp. Figure 9,d,int/Supp_fig_Y2.pdf
Supp. Figure 9,e,int/Supp_fig_Y2.pdf
Supp. Figure 9,f,int/Supp_fig_Y2.pdf
Supp. Figure 9,g,int/Supp_fig_Y2.pdf
Supp. Figure 9,h,int/Supp_fig_Y2.pdf
Supp. Figure 9,i,int/Supp_fig_Y2.pdf
Supp. Figure 9,j,int/Supp_fig_Y2.pdf
Supp. Figure 9,k,int/Supp_fig_Y2.pdf
Supp. Figure 9,l,int/Supp_fig_Y2.pdf
Supp. Figure 9,m,int/Supp_fig_Y2.pdf
Supp. Figure 9,n,int/Supp_fig_Y2.pdf
Supp. Figure 11,a,int/Color_by_cell_type/Putative_OPC_types_R/ME_R_pre_type_putative_1_asis_all.pdf
Supp. Figure 11,a',int/Color_by_cell_type/Putative_OPC_types_R/ME_R_post_type_putative_1_asis_all.pdf
Supp. Figure 11,b,int/Color_by_cell_type/Putative_OPC_types_R/ME_R_pre_type_putative_2_asis_all.pdf
Supp. Figure 11,b',int/Color_by_cell_type/Putative_OPC_types_R/ME_R_post_type_putative_2_asis_all.pdf
Supp. Figure 11,new,"int/Color_by_cell_type/Putative_OPC_types_R/ME_R_{pre,post}_type_putative_{3..9}_asis_all.pdf"
Supp. Figure 11,c,int/Color_by_temporal_origin/All_confidently_annotated_R/ME_R_pre_temporal_all_asis_Notch On_projection.pdf
Supp. Figure 11,c',int/Color_by_temporal_origin/All_confidently_annotated_R/ME_R_post_temporal_all_asis_Notch On_projection.pdf
Supp. Figure 11,d,int/Color_by_temporal_origin/All_confidently_annotated_R/ME_R_pre_temporal_all_asis_Notch Off_projection.pdf
Supp. Figure 11,d',int/Color_by_temporal_origin/All_confidently_annotated_R/ME_R_post_temporal_all_asis_Notch Off_projection.pdf
Supp. Figure 11,e,int/Color_by_cell_type/Putative_OPC_types_R/ME_R_pre_type_putative_asis_all.pdf
Supp. Figure 11,e',int/Color_by_cell_type/Putative_OPC_types_R/ME_R_post_type_putative_asis_all.pdf
Supp. Figure 11,f,int/Color_by_temporal_origin/All_confidently_annotated_R/ME_R_pre_temporal_all_asis_Notch Off_intrinsic.pdf
Supp. Figure 11,f',int/Color_by_temporal_origin/All_confidently_annotated_R/ME_R_post_temporal_all_asis_Notch Off_intrinsic.pdf
Supp. Figure 12,a,int/Supp_fig_Y3.pdf
Supp. Figure 12,b,int/Supp_fig_Y3.pdf
Supp. Figure 12,c,int/Supp_fig_Y3.pdf
Supp. Figure 12,d,int/Supp_fig_Y3.pdf
Supp. Figure 12,e,int/Supp_fig_Y3.pdf
Supp. Figure 12,f,int/Supp_fig_Y3.pdf
Supp. Figure 12,g,int/Supp_fig_Y3.pdf
Supp. Figure 12,h,int/Supp_fig_Y3.pdf
Supp. Figure 12,i,int/Supp_fig_Y3.pdf
Supp. Figure 12,j,int/Supp_fig_Y3.pdf
Supp. Figure 12,k,int/Supp_fig_Y3.pdf
Supp. Figure 12,l,int/Supp_fig_Y3.pdf
Supp. Figure 13,a,int/Color_by_function_subsystem/Previously_known_R/ME_R_pre_subsystem_known_asis_Notch On_projection.pdf
Supp. Figure 13,a',int/Color_by_function_subsystem/Previously_known_R/ME_R_post_subsystem_known_asis_Notch On_projection.pdf
Supp. Figure 13,b,int/Color_by_function_subsystem/Previously_known_R/ME_R_pre_subsystem_known_asis_Notch Off_projection.pdf
Supp. Figure 13,b',int/Color_by_function_subsystem/Previously_known_R/ME_R_post_subsystem_known_asis_Notch Off_projection.pdf
Supp. Figure 13,c,int/Color_by_function_subsystem/All_confidently_annotated_highlighting_new_R/ME_R_pre_subsystem_new_asis_Notch On_projection.pdf
Supp. Figure 13,c',int/Color_by_function_subsystem/All_confidently_annotated_highlighting_new_R/ME_R_post_subsystem_new_asis_Notch On_projection.pdf
Supp. Figure 13,d,int/Color_by_function_subsystem/All_confidently_annotated_highlighting_new_R/ME_R_pre_subsystem_new_asis_Notch Off_projection.pdf
Supp. Figure 13,d',int/Color_by_function_subsystem/All_confidently_annotated_highlighting_new_R/ME_R_post_subsystem_new_asis_Notch Off_projection.pdf
Supp. Figure 13,e,int/Color_by_function_subsystem/Previously_known_R/LOP_R_pre_subsystem_known_asis_Notch On_projection.pdf
Supp. Figure 13,e',int/Color_by_function_subsystem/All_confidently_annotated_highlighting_new_R/LOP_R_pre_subsystem_new_asis_Notch On_projection.pdf
Supp. Figure 13,f,int/Color_by_function_subsystem/Previously_known_R/LOP_R_post_subsystem_known_asis_Notch On_projection.pdf
Supp. Figure 13,f',int/Color_by_function_subsystem/All_confidently_annotated_highlighting_new_R/LOP_R_post_subsystem_new_asis_Notch On_projection.pdf
Supp. Figure 13,g,int/Color_by_function_subsystem/Previously_known_R/LOP_R_pre_subsystem_known_asis_Notch Off_projection.pdf
Supp. Figure 13,h,int/Color_by_function_subsystem/Previously_known_R/LOP_R_post_subsystem_known_asis_Notch Off_projection.pdf
Supp. Figure 14,a,int/Color_by_function_subsystem/Putative_OPC_types_R/ME_R_pre_subsystem_putative_asis_all.pdf
Supp. Figure 14,a',int/Color_by_function_subsystem/Putative_OPC_types_R/ME_R_post_subsystem_putative_asis_all.pdf
Supp. Figure 14,b,int/Color_by_function_subsystem/Putative_OPC_types_R/LO_R_pre_subsystem_putative_asis_all.pdf
Supp. Figure 14,b',int/Color_by_function_subsystem/Putative_OPC_types_R/LO_R_post_subsystem_putative_asis_all.pdf
Supp. Figure 14,c,int/Color_by_function_subsystem/Putative_OPC_types_R/LOP_R_pre_subsystem_putative_asis_all.pdf
Supp. Figure 14,c',int/Color_by_function_subsystem/Putative_OPC_types_R/LOP_R_post_subsystem_putative_asis_all.pdf
Supp. Figure 15,a,int/Supp_fig_Y4.pdf
Supp. Figure 15,b,int/Supp_fig_Y4.pdf
Supp. Figure 15,c,int/Supp_fig_Y4.pdf
Supp. Figure 16,a,int/stats/functional_enrichment/functional_subsystems_temporal_by_notch_faceted.pdf
Supp. Figure 16,b,int/stats/functional_enrichment/functional_association_combined_separated.pdf
Supp. Figure 16,c,int/stats/functional_enrichment/functional_association_broad_temporal.pdf
Supp. Figure 16,d,int/stats/functional_enrichment/functional_association_notch.pdf
Supp. Figure 17,a,int/Selector/R/LO_R_pre_asis_bi_NotchOn.pdf
Supp. Figure 17,a,int/Selector/R/LO_R_post_asis_bi_NotchOn.pdf
Supp. Figure 17,a,int/Selector/R/LO_R_pre_asis_bi_NotchOff.pdf
Supp. Figure 17,a,int/Selector/R/LO_R_post_asis_bi_NotchOff.pdf
Supp. Figure 17,b,int/Selector/R/LO_R_pre_asis_NK7.1_NotchOn.pdf
Supp. Figure 17,b,int/Selector/R/LO_R_post_asis_NK7.1_NotchOn.pdf
Supp. Figure 17,b,int/Selector/R/LO_R_pre_asis_NK7.1_NotchOff.pdf
Supp. Figure 17,b,int/Selector/R/LO_R_post_asis_NK7.1_NotchOff.pdf
Supp. Figure 17,c,int/Selector/R/ME_R_pre_asis_CG4328_NotchOff.pdf
Supp. Figure 17,c,int/Selector/R/ME_R_post_asis_CG4328_NotchOff.pdf
Supp. Figure 17,d,int/Selector/R/ME_R_pre_asis_hbn_NotchOff.pdf
Supp. Figure 17,d,int/Selector/R/ME_R_post_asis_hbn_NotchOff.pdf
Supp. Figure 18,a,int/Supp_fig_Y6.pdf
Supp. Figure 18,b,int/Supp_fig_Y6.pdf
Supp. Figure 18,c,int/Supp_fig_Y6.pdf