"cell_type","temporal_label","temporal_id","broad_temp","vDpp","vOptix","vVsx","dVsx","dOptix","dDpp","Confident_annotation","subsystem","Notch","newly_ann","func","ntype","putative_OPC","ozel2021_cluster","putative_hl1","putative_hl2","putative_hl3","putative_hl4","putative_hl5","putative_hl6","putative_hl7","putative_hl8","putative_hl9"
"Am1","unknown",0,"",NA,NA,NA,NA,NA,NA,"N","Motion","","","Motion","",FALSE,NA,"N","N","N","N","N","N","N","N","N"
"C2","unknown",0,"",NA,NA,NA,NA,NA,NA,"N","Motion","","","Motion","",FALSE,182,"N","N","N","N","N","N","N","N","N"
"C3","unknown",0,"",NA,NA,NA,NA,NA,NA,"N","Motion","","","Motion","",FALSE,165,"N","N","N","N","N","N","N","N","N"
"CT1","unknown",0,"",NA,NA,NA,NA,NA,NA,"N","Motion","","","Motion","",FALSE,NA,"N","N","N","N","N","N","N","N","N"
"Dm13","unknown",0,"",NA,NA,NA,NA,NA,NA,"N","Motion","","","Motion","intrinsic",TRUE,NA,"N","N","N","Y","N","N","N","N","N"
"Dm14","unknown",0,"",NA,NA,NA,NA,NA,NA,"N","Motion","","","Motion","intrinsic",TRUE,NA,"N","N","N","Y","N","N","N","N","N"
"Dm16","unknown",0,"",NA,NA,NA,NA,NA,NA,"N","Motion","","","Motion","intrinsic",TRUE,NA,"N","N","N","Y","N","N","N","N","N"
"Dm17","unknown",0,"",NA,NA,NA,NA,NA,NA,"N","Motion","","","Motion","intrinsic",TRUE,NA,"N","N","N","Y","N","N","N","N","N"
"Dm18","unknown",0,"",NA,NA,NA,NA,NA,NA,"N","Motion","","","Motion","intrinsic",TRUE,NA,"N","N","N","Y","N","N","N","N","N"
"Dm19","unknown",0,"",NA,NA,NA,NA,NA,NA,"N","Motion","","","Motion","intrinsic",TRUE,NA,"N","N","N","Y","N","N","N","N","N"
"Dm20","unknown",0,"",NA,NA,NA,NA,NA,NA,"N","Luminance","","","Luminance","intrinsic",TRUE,NA,"N","N","N","Y","N","N","N","N","N"
"Dm6","unknown",0,"",NA,NA,NA,NA,NA,NA,"N","Motion","","","Motion","intrinsic",TRUE,NA,"N","N","N","Y","N","N","N","N","N"
"L1","unknown",0,"",NA,NA,NA,NA,NA,NA,"N","Motion","","","Motion","",FALSE,109,"N","N","N","N","N","N","N","N","N"
"L2","unknown",0,"",NA,NA,NA,NA,NA,NA,"N","Motion","","","Motion","",FALSE,108,"N","N","N","N","N","N","N","N","N"
"L3","unknown",0,"",NA,NA,NA,NA,NA,NA,"N","Luminance","","","Luminance","",FALSE,110,"N","N","N","N","N","N","N","N","N"
"L4","unknown",0,"",NA,NA,NA,NA,NA,NA,"N","Motion","","","Motion","",FALSE,107,"N","N","N","N","N","N","N","N","N"
"L5","unknown",0,"",NA,NA,NA,NA,NA,NA,"N","Motion","","","Motion","",FALSE,117,"N","N","N","N","N","N","N","N","N"
"Lat","unknown",0,"",NA,NA,NA,NA,NA,NA,"N","Color","","","Color","projection",TRUE,NA,"N","N","N","N","Y","N","N","N","N"
"Lawf1","unknown",0,"",NA,NA,NA,NA,NA,NA,"N","Motion","","","Motion","",FALSE,113,"N","N","N","N","N","N","N","N","N"
"Lawf2","unknown",0,"",NA,NA,NA,NA,NA,NA,"N","Motion","","","Motion","",FALSE,8,"N","N","N","N","N","N","N","N","N"
"Li01","unknown",0,"",NA,NA,NA,NA,NA,NA,"N","Color","","","Color","",FALSE,NA,"N","N","N","N","N","N","N","N","N"
"Li02","unknown",0,"",NA,NA,NA,NA,NA,NA,"N","Color","","","Color","",FALSE,NA,"N","N","N","N","N","N","N","N","N"
"Li03","unknown",0,"",NA,NA,NA,NA,NA,NA,"N","Color","","","Color","",FALSE,NA,"N","N","N","N","N","N","N","N","N"
"Li04","unknown",0,"",NA,NA,NA,NA,NA,NA,"N","Color","","","Color","",FALSE,NA,"N","N","N","N","N","N","N","N","N"
"Li05","unknown",0,"",NA,NA,NA,NA,NA,NA,"N","Color","","","Color","",FALSE,NA,"N","N","N","N","N","N","N","N","N"
"Li07","unknown",0,"",NA,NA,NA,NA,NA,NA,"N","Color","","","Color","",FALSE,NA,"N","N","N","N","N","N","N","N","N"
"Li08","unknown",0,"",NA,NA,NA,NA,NA,NA,"N","Color","","","Color","",FALSE,NA,"N","N","N","N","N","N","N","N","N"
"Li09","unknown",0,"",NA,NA,NA,NA,NA,NA,"N","Color","","","Color","",FALSE,NA,"N","N","N","N","N","N","N","N","N"
"Li10","unknown",0,"",NA,NA,NA,NA,NA,NA,"N","Color","","","Color","",FALSE,NA,"N","N","N","N","N","N","N","N","N"
"Li11","unknown",0,"",NA,NA,NA,NA,NA,NA,"N","Color","","","Color","",FALSE,NA,"N","N","N","N","N","N","N","N","N"
"Li12","unknown",0,"",NA,NA,NA,NA,NA,NA,"N","Color","","","Color","",FALSE,NA,"N","N","N","N","N","N","N","N","N"
"Li13","unknown",0,"",NA,NA,NA,NA,NA,NA,"N","Color","","","Color","",FALSE,NA,"N","N","N","N","N","N","N","N","N"
"Li15","unknown",0,"",NA,NA,NA,NA,NA,NA,"N","Object","","","Object","",FALSE,NA,"N","N","N","N","N","N","N","N","N"
"Li16","unknown",0,"",NA,NA,NA,NA,NA,NA,"N","Object","","","Object","",FALSE,NA,"N","N","N","N","N","N","N","N","N"
"Li17","unknown",0,"",NA,NA,NA,NA,NA,NA,"N","Object","","","Object","",FALSE,NA,"N","N","N","N","N","N","N","N","N"
"Li18","unknown",0,"",NA,NA,NA,NA,NA,NA,"N","Color","","","Color","",FALSE,NA,"N","N","N","N","N","N","N","N","N"
"Li20","unknown",0,"",NA,NA,NA,NA,NA,NA,"N","Object","","","Object","",FALSE,NA,"N","N","N","N","N","N","N","N","N"
"Li21","unknown",0,"",NA,NA,NA,NA,NA,NA,"N","Object","","","Object","",FALSE,NA,"N","N","N","N","N","N","N","N","N"
"Li22","unknown",0,"",NA,NA,NA,NA,NA,NA,"N","Object","","","Object","",FALSE,NA,"N","N","N","N","N","N","N","N","N"
"Li24","unknown",0,"",NA,NA,NA,NA,NA,NA,"N","Object","","","Object","",FALSE,NA,"N","N","N","N","N","N","N","N","N"
"Li25","unknown",0,"",NA,NA,NA,NA,NA,NA,"N","Object","","","Object","",FALSE,NA,"N","N","N","N","N","N","N","N","N"
"Li26","unknown",0,"",NA,NA,NA,NA,NA,NA,"N","Object","","","Object","",FALSE,NA,"N","N","N","N","N","N","N","N","N"
"Li27","unknown",0,"",NA,NA,NA,NA,NA,NA,"N","Color","","","Color","",FALSE,NA,"N","N","N","N","N","N","N","N","N"
"Li28","unknown",0,"",NA,NA,NA,NA,NA,NA,"N","Color","","","Color","",FALSE,NA,"N","N","N","N","N","N","N","N","N"
"Li29","unknown",0,"",NA,NA,NA,NA,NA,NA,"N","Color","","","Color","",FALSE,NA,"N","N","N","N","N","N","N","N","N"
"Li30","unknown",0,"",NA,NA,NA,NA,NA,NA,"N","Color","","","Color","",FALSE,NA,"N","N","N","N","N","N","N","N","N"
"Li31","unknown",0,"",NA,NA,NA,NA,NA,NA,"N","Object","","","Object","",FALSE,NA,"N","N","N","N","N","N","N","N","N"
"Li32","unknown",0,"",NA,NA,NA,NA,NA,NA,"N","Color","","","Color","",FALSE,NA,"N","N","N","N","N","N","N","N","N"
"LLPt","unknown",0,"",NA,NA,NA,NA,NA,NA,"N","Color","","","Color","",FALSE,NA,"N","N","N","N","N","N","N","N","N"
"LM102a_L234-M89","unknown",0,"",NA,NA,NA,NA,NA,NA,"N","Unannotated","","","Unannotated","",FALSE,NA,"N","N","N","N","N","N","N","N","N"
"LMa1","unknown",0,"",NA,NA,NA,NA,NA,NA,"N","Object","","","Object","",FALSE,NA,"N","N","N","N","N","N","N","N","N"
"LMa2","unknown",0,"",NA,NA,NA,NA,NA,NA,"N","Object","","","Object","projection",TRUE,NA,"N","Y","N","N","N","N","N","N","N"
"LMa3","unknown",0,"",NA,NA,NA,NA,NA,NA,"N","Object","","","Object","projection",TRUE,NA,"N","Y","N","N","N","N","N","N","N"
"LMa4","unknown",0,"",NA,NA,NA,NA,NA,NA,"N","Object","","","Object","projection",TRUE,NA,"N","Y","N","N","N","N","N","N","N"
"LMa5","unknown",0,"",NA,NA,NA,NA,NA,NA,"N","Object","","","Object","",FALSE,NA,"N","N","N","N","N","N","N","N","N"
"LMt1","unknown",0,"",NA,NA,NA,NA,NA,NA,"N","Object","","","Object","",FALSE,NA,"N","N","N","N","N","N","N","N","N"
"LMt2","unknown",0,"",NA,NA,NA,NA,NA,NA,"N","Object","","","Object","",FALSE,NA,"N","N","N","N","N","N","N","N","N"
"LMt3","unknown",0,"",NA,NA,NA,NA,NA,NA,"N","Object","","","Object","",FALSE,NA,"N","N","N","N","N","N","N","N","N"
"LMt4","unknown",0,"",NA,NA,NA,NA,NA,NA,"N","Object","","","Object","",FALSE,NA,"N","N","N","N","N","N","N","N","N"
"LPi01","unknown",0,"",NA,NA,NA,NA,NA,NA,"N","Motion","","","Motion","",FALSE,NA,"N","N","N","N","N","N","N","N","N"
"LPi02","unknown",0,"",NA,NA,NA,NA,NA,NA,"N","Motion","","","Motion","",FALSE,NA,"N","N","N","N","N","N","N","N","N"
"LPi04","unknown",0,"",NA,NA,NA,NA,NA,NA,"N","Motion","","","Motion","",FALSE,NA,"N","N","N","N","N","N","N","N","N"
"LPi05","unknown",0,"",NA,NA,NA,NA,NA,NA,"N","Motion","","","Motion","",FALSE,NA,"N","N","N","N","N","N","N","N","N"
"LPi06","unknown",0,"",NA,NA,NA,NA,NA,NA,"N","Motion","","","Motion","",FALSE,NA,"N","N","N","N","N","N","N","N","N"
"LPi07","unknown",0,"",NA,NA,NA,NA,NA,NA,"N","Motion","","","Motion","",FALSE,NA,"N","N","N","N","N","N","N","N","N"
"LPi08","unknown",0,"",NA,NA,NA,NA,NA,NA,"N","Motion","","","Motion","",FALSE,NA,"N","N","N","N","N","N","N","N","N"
"LPi10","unknown",0,"",NA,NA,NA,NA,NA,NA,"N","Motion","","","Motion","",FALSE,NA,"N","N","N","N","N","N","N","N","N"
"LPi11","unknown",0,"",NA,NA,NA,NA,NA,NA,"N","Motion","","","Motion","",FALSE,NA,"N","N","N","N","N","N","N","N","N"
"LPi12","unknown",0,"",NA,NA,NA,NA,NA,NA,"N","Motion","","","Motion","",FALSE,NA,"N","N","N","N","N","N","N","N","N"
"LPi13","unknown",0,"",NA,NA,NA,NA,NA,NA,"N","Motion","","","Motion","",FALSE,NA,"N","N","N","N","N","N","N","N","N"
"LPi14","unknown",0,"",NA,NA,NA,NA,NA,NA,"N","Motion","","","Motion","",FALSE,NA,"N","N","N","N","N","N","N","N","N"
"LPi15","unknown",0,"",NA,NA,NA,NA,NA,NA,"N","Motion","","","Motion","",FALSE,NA,"N","N","N","N","N","N","N","N","N"
"Mi13","unknown",0,"",NA,NA,NA,NA,NA,NA,"N","Motion","","","Motion","intrinsic",TRUE,NA,"N","N","N","N","N","Y","N","N","N"
"Mi14","unknown",0,"",NA,NA,NA,NA,NA,NA,"N","Object","","","Object","intrinsic",TRUE,NA,"N","N","N","N","N","Y","N","N","N"
"Mi2","unknown",0,"",NA,NA,NA,NA,NA,NA,"N","Object","","","Object","intrinsic",TRUE,NA,"N","N","N","N","N","Y","N","N","N"
"MLt1","unknown",0,"",NA,NA,NA,NA,NA,NA,"N","Object","","","Object","projection",TRUE,NA,"N","N","N","N","N","N","Y","N","N"
"MLt2","unknown",0,"",NA,NA,NA,NA,NA,NA,"N","Color","","","Color","projection",TRUE,NA,"N","N","N","N","N","N","Y","N","N"
"MLt3","unknown",0,"",NA,NA,NA,NA,NA,NA,"N","Object","","","Object","projection",TRUE,NA,"N","N","N","N","N","N","Y","N","N"
"MLt4","unknown",0,"",NA,NA,NA,NA,NA,NA,"N","Object","","","Object","projection",TRUE,NA,"N","N","N","N","N","N","Y","N","N"
"MLt5","unknown",0,"",NA,NA,NA,NA,NA,NA,"N","Color","","","Color","projection",TRUE,NA,"N","N","N","N","N","N","Y","N","N"
"MLt6","unknown",0,"",NA,NA,NA,NA,NA,NA,"N","Color","","","Color","projection",TRUE,NA,"N","N","N","N","N","N","Y","N","N"
"MLt7","unknown",0,"",NA,NA,NA,NA,NA,NA,"N","Color","","","Color","projection",TRUE,NA,"N","N","N","N","N","N","Y","N","N"
"MLt8","unknown",0,"",NA,NA,NA,NA,NA,NA,"N","Color","","","Color","projection",TRUE,NA,"N","N","N","N","N","N","Y","N","N"
"PDt","unknown",0,"",NA,NA,NA,NA,NA,NA,"N","Object","","","Object","",FALSE,NA,"N","N","N","N","N","N","N","N","N"
"Pm13","unknown",0,"",NA,NA,NA,NA,NA,NA,"N","Color","","","Color","",FALSE,NA,"N","N","Y","N","N","N","N","N","N"
"Pm14","unknown",0,"",NA,NA,NA,NA,NA,NA,"N","Color","","","Color","",FALSE,NA,"N","N","Y","N","N","N","N","N","N"
"Sm04","unknown",0,"",NA,NA,NA,NA,NA,NA,"N","Color","","","Color","intrinsic",TRUE,NA,"N","N","N","N","N","N","N","Y","N"
"Sm05","unknown",0,"",NA,NA,NA,NA,NA,NA,"N","Luminance","","","Luminance","intrinsic",TRUE,NA,"N","N","N","N","N","N","N","Y","N"
"Sm06","unknown",0,"",NA,NA,NA,NA,NA,NA,"N","Color","","","Color","intrinsic",TRUE,NA,"N","N","N","N","N","N","N","Y","N"
"Sm07","unknown",0,"",NA,NA,NA,NA,NA,NA,"N","Color","","","Color","intrinsic",TRUE,NA,"N","N","N","N","N","N","N","Y","N"
"Sm08","unknown",0,"",NA,NA,NA,NA,NA,NA,"N","Color","","","Color","intrinsic",TRUE,NA,"N","N","N","N","N","N","N","Y","N"
"Sm09","unknown",0,"",NA,NA,NA,NA,NA,NA,"N","Color","","","Color","intrinsic",TRUE,NA,"N","N","N","N","N","N","N","Y","N"
"Sm10","unknown",0,"",NA,NA,NA,NA,NA,NA,"N","Color","","","Color","intrinsic",TRUE,NA,"N","N","N","N","N","N","N","Y","N"
"Sm11","unknown",0,"",NA,NA,NA,NA,NA,NA,"N","Color","","","Color","intrinsic",TRUE,NA,"N","N","N","N","N","N","N","Y","N"
"Sm12","unknown",0,"",NA,NA,NA,NA,NA,NA,"N","Color","","","Color","intrinsic",TRUE,NA,"N","N","N","N","N","N","N","Y","N"
"Sm13","unknown",0,"",NA,NA,NA,NA,NA,NA,"N","Color","","","Color","intrinsic",TRUE,NA,"N","N","N","N","N","N","N","Y","N"
"Sm14","unknown",0,"",NA,NA,NA,NA,NA,NA,"N","Color","","","Color","intrinsic",TRUE,NA,"N","N","N","N","N","N","N","Y","N"
"Sm15","unknown",0,"",NA,NA,NA,NA,NA,NA,"N","Color","","","Color","intrinsic",TRUE,NA,"N","N","N","N","N","N","N","Y","N"
"Sm16","unknown",0,"",NA,NA,NA,NA,NA,NA,"N","Color","","","Color","intrinsic",TRUE,NA,"N","N","N","N","N","N","N","Y","N"
"Sm17","unknown",0,"",NA,NA,NA,NA,NA,NA,"N","Polarization","","","Polarization","intrinsic",TRUE,NA,"N","N","N","N","N","N","N","Y","N"
"Sm18","unknown",0,"",NA,NA,NA,NA,NA,NA,"N","Polarization","","","Polarization","intrinsic",TRUE,NA,"N","N","N","N","N","N","N","Y","N"
"Sm19","unknown",0,"",NA,NA,NA,NA,NA,NA,"N","Color","","","Color","intrinsic",TRUE,NA,"N","N","N","N","N","N","N","Y","N"
"Sm20","unknown",0,"",NA,NA,NA,NA,NA,NA,"N","Color","","","Color","intrinsic",TRUE,NA,"N","N","N","N","N","N","N","Y","N"
"Sm21","unknown",0,"",NA,NA,NA,NA,NA,NA,"N","Color","","","Color","intrinsic",TRUE,NA,"N","N","N","N","N","N","N","Y","N"
"Sm22","unknown",0,"",NA,NA,NA,NA,NA,NA,"N","Color","","","Color","intrinsic",TRUE,NA,"N","N","N","N","N","N","N","Y","N"
"Sm23","unknown",0,"",NA,NA,NA,NA,NA,NA,"N","Polarization","","","Polarization","intrinsic",TRUE,NA,"N","N","N","N","N","N","N","Y","N"
"Sm24","unknown",0,"",NA,NA,NA,NA,NA,NA,"N","Color","","","Color","intrinsic",TRUE,NA,"N","N","N","N","N","N","N","Y","N"
"Sm25","unknown",0,"",NA,NA,NA,NA,NA,NA,"N","Color","","","Color","intrinsic",TRUE,NA,"N","N","N","N","N","N","N","Y","N"
"Sm26","unknown",0,"",NA,NA,NA,NA,NA,NA,"N","Color","","","Color","intrinsic",TRUE,NA,"N","N","N","N","N","N","N","Y","N"
"Sm27","unknown",0,"",NA,NA,NA,NA,NA,NA,"N","Color","","","Color","intrinsic",TRUE,NA,"N","N","N","N","N","N","N","Y","N"
"Sm28","unknown",0,"",NA,NA,NA,NA,NA,NA,"N","Polarization","","","Polarization","intrinsic",TRUE,NA,"N","N","N","N","N","N","N","Y","N"
"Sm29","unknown",0,"",NA,NA,NA,NA,NA,NA,"N","Color","","","Color","intrinsic",TRUE,NA,"N","N","N","N","N","N","N","Y","N"
"Sm30","unknown",0,"",NA,NA,NA,NA,NA,NA,"N","Luminance","","","Luminance","intrinsic",TRUE,NA,"N","N","N","N","N","N","N","Y","N"
"Sm31","unknown",0,"",NA,NA,NA,NA,NA,NA,"N","Color","","","Color","intrinsic",TRUE,NA,"N","N","N","N","N","N","N","Y","N"
"Sm32","unknown",0,"",NA,NA,NA,NA,NA,NA,"N","Color","","","Color","intrinsic",TRUE,NA,"N","N","N","N","N","N","N","Y","N"
"Sm33","unknown",0,"",NA,NA,NA,NA,NA,NA,"N","Color","","","Color","intrinsic",TRUE,NA,"N","N","N","N","N","N","N","Y","N"
"Sm34","unknown",0,"",NA,NA,NA,NA,NA,NA,"N","Color","","","Color","intrinsic",TRUE,NA,"N","N","N","N","N","N","N","Y","N"
"Sm35","unknown",0,"",NA,NA,NA,NA,NA,NA,"N","Color","","","Color","intrinsic",TRUE,NA,"N","N","N","N","N","N","N","Y","N"
"Sm36","unknown",0,"",NA,NA,NA,NA,NA,NA,"N","Color","","","Color","intrinsic",TRUE,NA,"N","N","N","N","N","N","N","Y","N"
"Sm37","unknown",0,"",NA,NA,NA,NA,NA,NA,"N","Color","","","Color","intrinsic",TRUE,NA,"N","N","N","N","N","N","N","Y","N"
"Sm38","unknown",0,"",NA,NA,NA,NA,NA,NA,"N","Color","","","Color","",FALSE,NA,"N","N","N","N","N","N","N","N","N"
"Sm39","unknown",0,"",NA,NA,NA,NA,NA,NA,"N","Luminance","","","Luminance","",FALSE,NA,"N","N","N","N","N","N","N","N","N"
"Sm40","unknown",0,"",NA,NA,NA,NA,NA,NA,"N","Color","","","Color","intrinsic",TRUE,NA,"N","N","N","N","N","N","N","Y","N"
"Sm41","unknown",0,"",NA,NA,NA,NA,NA,NA,"N","Color","","","Color","intrinsic",TRUE,NA,"N","N","N","N","N","N","N","Y","N"
"Sm42","unknown",0,"",NA,NA,NA,NA,NA,NA,"N","Color","","","Color","intrinsic",TRUE,NA,"N","N","N","N","N","N","N","Y","N"
"T2","unknown",0,"",NA,NA,NA,NA,NA,NA,"N","Object","","","Object","",FALSE,6,"N","N","N","N","N","N","N","N","N"
"T2a","unknown",0,"",NA,NA,NA,NA,NA,NA,"N","Object","","","Object","",FALSE,60,"N","N","N","N","N","N","N","N","N"
"T3","unknown",0,"",NA,NA,NA,NA,NA,NA,"N","Object","","","Object","",FALSE,7,"N","N","N","N","N","N","N","N","N"
"T4a","unknown",0,"",NA,NA,NA,NA,NA,NA,"N","Motion","","","Motion","",FALSE,234,"N","N","N","N","N","N","N","N","N"
"T4b","unknown",0,"",NA,NA,NA,NA,NA,NA,"N","Motion","","","Motion","",FALSE,234,"N","N","N","N","N","N","N","N","N"
"T4c","unknown",0,"",NA,NA,NA,NA,NA,NA,"N","Motion","","","Motion","",FALSE,235,"N","N","N","N","N","N","N","N","N"
"T4d","unknown",0,"",NA,NA,NA,NA,NA,NA,"N","Motion","","","Motion","",FALSE,235,"N","N","N","N","N","N","N","N","N"
"T5a","unknown",0,"",NA,NA,NA,NA,NA,NA,"N","Motion","","","Motion","",FALSE,234,"N","N","N","N","N","N","N","N","N"
"T5b","unknown",0,"",NA,NA,NA,NA,NA,NA,"N","Motion","","","Motion","",FALSE,234,"N","N","N","N","N","N","N","N","N"
"T5c","unknown",0,"",NA,NA,NA,NA,NA,NA,"N","Motion","","","Motion","",FALSE,235,"N","N","N","N","N","N","N","N","N"
"T5d","unknown",0,"",NA,NA,NA,NA,NA,NA,"N","Motion","","","Motion","",FALSE,235,"N","N","N","N","N","N","N","N","N"
"Tlp1","unknown",0,"",NA,NA,NA,NA,NA,NA,"N","Motion","","","Motion","",FALSE,NA,"N","N","N","N","N","N","N","N","N"
"Tlp14","unknown",0,"",NA,NA,NA,NA,NA,NA,"N","Motion","","","Motion","",FALSE,NA,"N","N","N","N","N","N","N","N","N"
"Tlp4","unknown",0,"",NA,NA,NA,NA,NA,NA,"N","Motion","","","Motion","",FALSE,NA,"N","N","N","N","N","N","N","N","N"
"Tlp5","unknown",0,"",NA,NA,NA,NA,NA,NA,"N","Motion","","","Motion","",FALSE,NA,"N","N","N","N","N","N","N","N","N"
"Tm16","unknown",0,"",NA,NA,NA,NA,NA,NA,"N","Color","","","Color","projection",TRUE,NA,"Y","N","N","N","N","N","N","N","N"
"Tm31","unknown",0,"",NA,NA,NA,NA,NA,NA,"N","Color","","","Color","projection",TRUE,NA,"N","N","N","N","N","N","N","N","Y"
"Tm32","unknown",0,"",NA,NA,NA,NA,NA,NA,"N","Color","","","Color","projection",TRUE,NA,"N","N","N","N","N","N","N","N","Y"
"Tm34","unknown",0,"",NA,NA,NA,NA,NA,NA,"N","Color","","","Color","projection",TRUE,NA,"N","N","N","N","N","N","N","N","Y"
"Tm35","unknown",0,"",NA,NA,NA,NA,NA,NA,"N","Color","","","Color","projection",TRUE,NA,"N","N","N","N","N","N","N","N","Y"
"Tm36","unknown",0,"",NA,NA,NA,NA,NA,NA,"N","Color","","","Color","projection",TRUE,NA,"Y","N","N","N","N","N","N","N","N"
"Tm37","unknown",0,"",NA,NA,NA,NA,NA,NA,"N","Color","","","Color","projection",TRUE,NA,"Y","N","N","N","N","N","N","N","N"
"Tm7","unknown",0,"",NA,NA,NA,NA,NA,NA,"N","Color","","","Color","projection",TRUE,NA,"Y","N","N","N","N","N","N","N","N"
"Tm8b","unknown",0,"",NA,NA,NA,NA,NA,NA,"N","Color","","","Color","projection",TRUE,NA,"Y","N","N","N","N","N","N","N","N"
"TmY16","unknown",0,"",NA,NA,NA,NA,NA,NA,"N","Object","","","Object","projection",TRUE,NA,"N","N","N","N","N","N","N","N","Y"
"TmY20","unknown",0,"",NA,NA,NA,NA,NA,NA,"N","Motion","","","Motion","projection",TRUE,NA,"Y","N","N","N","N","N","N","N","N"
"TmY31","unknown",0,"",NA,NA,NA,NA,NA,NA,"N","Color","","","Color","projection",TRUE,NA,"Y","N","N","N","N","N","N","N","N"
"TmY9q","unknown",0,"",NA,NA,NA,NA,NA,NA,"N","Form","","","Form","projection",TRUE,NA,"Y","N","N","N","N","N","N","N","N"
"TmY9q__perp","unknown",0,"",NA,NA,NA,NA,NA,NA,"N","Unannotated","","","Unannotated","projection",TRUE,NA,"Y","N","N","N","N","N","N","N","N"
"Y1","unknown",0,"",NA,NA,NA,NA,NA,NA,"N","Motion","","","Motion","",FALSE,NA,"N","N","N","N","N","N","N","N","N"
"Y11","unknown",0,"",NA,NA,NA,NA,NA,NA,"N","Motion","","","Motion","",FALSE,NA,"N","N","N","N","N","N","N","N","N"
"Y12","unknown",0,"",NA,NA,NA,NA,NA,NA,"N","Motion","","","Motion","",FALSE,NA,"N","N","N","N","N","N","N","N","N"
"Y3","unknown",0,"",NA,NA,NA,NA,NA,NA,"N","Object","","","Object","",FALSE,NA,"N","N","N","N","N","N","N","N","N"
"Y4","unknown",0,"",NA,NA,NA,NA,NA,NA,"N","Object","","","Object","",FALSE,NA,"N","N","N","N","N","N","N","N","N"
"Li14","Hth",1,"Early",0,0,1,1,0,0,"Y","Motion","Notch Off","N","Motion","projection",FALSE,158,"N","N","N","N","N","N","N","N","N"
"Mi1","Hth",1,"Early",1,1,1,1,1,1,"Y","Motion","Notch On","N","Motion","intrinsic",FALSE,142,"N","N","N","N","N","N","N","N","N"
"Pm01","Hth",1,"Early",0,1,0,0,0,0,"Y","Object","Notch Off","N","Object","intrinsic",FALSE,163,"N","N","Y","N","N","N","N","N","N"
"Pm02","Between Hth & Hth/Opa",1,"Early",NA,NA,NA,NA,NA,NA,"N","Object","Notch Off","","Object","intrinsic",TRUE,NA,"N","N","Y","N","N","N","N","N","N"
"Pm03","Hth",1,"Early",0,0,0,0,0,1,"Y","Object","Notch Off","N","Object","intrinsic",FALSE,175,"N","N","Y","N","N","N","N","N","N"
"Pm04","Hth",1,"Early",0,0,1,1,0,0,"N","Object","Notch Off","N","Object","intrinsic",FALSE,NA,"N","N","Y","N","N","N","N","N","N"
"Pm06","Between Hth & Hth/Opa",1,"Early",NA,NA,NA,NA,NA,NA,"N","Object","Notch Off","","Object","intrinsic",TRUE,NA,"N","N","Y","N","N","N","N","N","N"
"Pm07","Between Hth & Hth/Opa",1,"Early",NA,NA,NA,NA,NA,NA,"N","Object","Notch Off","","Object","intrinsic",TRUE,NA,"N","N","Y","N","N","N","N","N","N"
"Pm08","Between Hth & Hth/Opa",1,"Early",NA,NA,NA,NA,NA,NA,"N","Object","Notch Off","","Object","intrinsic",TRUE,NA,"N","N","Y","N","N","N","N","N","N"
"Pm09","Hth",1,"Early",0,0,1,1,0,0,"Y","Object","Notch Off","N","Object","intrinsic",FALSE,158,"N","N","Y","N","N","N","N","N","N"
"Pm10","Between Hth & Hth/Opa",1,"Early",NA,NA,NA,NA,NA,NA,"N","Object","Notch Off","","Object","intrinsic",TRUE,NA,"N","N","Y","N","N","N","N","N","N"
"Pm11","Between Hth & Hth/Opa",1,"Early",NA,NA,NA,NA,NA,NA,"N","Object","Notch Off","","Object","intrinsic",TRUE,NA,"N","N","Y","N","N","N","N","N","N"
"TmY15","Hth",1,"Early",0,0,1,1,0,0,"Y","Object","Notch Off","N","Object","projection",FALSE,159,"N","N","N","N","N","N","N","N","N"
"Mi4","Hth/Opa",2,"Early",1,1,0,0,1,1,"Y","Color","Notch Off","N","Color","intrinsic",FALSE,164,"N","N","N","N","N","N","N","N","N"
"Pm05","Hth/Opa",2,"Early",0,0,1,1,0,0,"Y","Object","Notch Off","N","Object","intrinsic",FALSE,152,"N","N","Y","N","N","N","N","N","N"
"Tm1","Hth/Opa",2,"Early",1,1,1,1,1,1,"Y","Motion","Notch On","N","Motion","projection",FALSE,140,"N","N","N","N","N","N","N","N","N"
"Tm4","Hth/Opa",2,"Early",1,1,1,1,1,1,"Y","Motion","Notch On","N","Motion","projection",FALSE,125,"N","N","N","N","N","N","N","N","N"
"Mi9","Opa/Erm",3,"Early",1,1,0,0,1,1,"Y","Luminance","Notch Off","N","Luminance","intrinsic",FALSE,33,"N","N","N","N","N","N","N","N","N"
"Tm5c","Opa/Erm",3,"Early",1,1,1,1,1,1,"Y","Color","Notch Off","N","Color","projection",FALSE,34,"N","N","N","N","N","N","N","N","N"
"Mi10","Erm/Ey",4,"Early",0,1,0,0,0,0,"Y","Color","Notch On","N","Color","intrinsic",FALSE,116,"N","N","N","N","N","N","N","N","N"
"Tm27","Erm/Ey",4,"Early",0,0,1,1,0,0,"Y","Object","Notch On","N","Object","projection",FALSE,70,"N","N","N","N","N","N","N","N","N"
"Tm3","Erm/Ey",4,"Early",0,1,1,1,1,0,"Y","Motion","Notch On","N","Motion","projection",FALSE,126,"N","N","N","N","N","N","N","N","N"
"Tm33","Erm/Ey",4,"Early",0,0,1,1,0,0,"Y","Color","Notch Off","Y","Color","projection",FALSE,41,"N","N","N","N","N","N","N","N","N"
"Tm5d","Erm/Ey",4,"Early",0,1,0,0,1,0,"Y","Color","Notch Off","N","Color","projection",FALSE,55,"N","N","N","N","N","N","N","N","N"
"Tm5e","Erm/Ey",4,"Early",0,1,0,0,1,0,"Y","Color","Notch Off","Y","Color","projection",FALSE,26,"N","N","N","N","N","N","N","N","N"
"Tm9","Erm/Ey",4,"Early",0,1,1,0,1,1,"Y","Motion","Notch On","N","Motion","projection",FALSE,227,"N","N","N","N","N","N","N","N","N"
"TmY3","Erm/Ey",4,"Early",0,1,1,1,1,0,"Y","Object","Notch On","N","Object","projection",FALSE,119,"N","N","N","N","N","N","N","N","N"
"TmY5a","Erm/Ey",4,"Early",0,1,0,0,1,0,"Y","Object","Notch Off","N","Object","projection",FALSE,42,"N","N","N","N","N","N","N","N","N"
"Dm10","Ey/Hbn",5,"Early",0,1,0,0,0,0,"Y","Luminance","Notch Off","N","Luminance","intrinsic",FALSE,15,"N","N","N","N","N","N","N","N","N"
"Tm2","Ey/Hbn",5,"Early",1,1,1,1,1,1,"Y","Motion","Notch On","N","Motion","projection",FALSE,118,"N","N","N","N","N","N","N","N","N"
"Tm21","Ey/Hbn",5,"Early",1,1,1,1,1,1,"Y","Object","Notch On","N","Object","projection",FALSE,62,"N","N","N","N","N","N","N","N","N"
"Dm1","Hbn/Opa/Slp",6,"Late",0,1,0,0,0,0,"Y","Motion","Notch Off","N","Motion","intrinsic",FALSE,14,"N","N","N","N","N","N","N","N","N"
"Dm11","Hbn/Opa/Slp",6,"Late",0,0,0,0,1,1,"Y","Color","Notch Off","N","Color","intrinsic",FALSE,136,"N","N","N","N","N","N","N","N","N"
"Dm12","Hbn/Opa/Slp",6,"Late",1,1,0,0,0,0,"Y","Luminance","Notch Off","N","Luminance","intrinsic",FALSE,12,"N","N","N","N","N","N","N","N","N"
"Dm4","Hbn/Opa/Slp",6,"Late",1,1,0,0,0,0,"Y","Luminance","Notch Off","N","Luminance","intrinsic",FALSE,9,"N","N","N","N","N","N","N","N","N"
"Dm8a","Hbn/Opa/Slp",6,"Late",0,1,0,0,0,0,"Y","Color","Notch Off","N","Color","intrinsic",FALSE,19,"N","N","N","N","N","N","N","N","N"
"Dm8b","Hbn/Opa/Slp",6,"Late",0,1,0,0,0,0,"Y","Color","Notch Off","N","Color","intrinsic",FALSE,19,"N","N","N","N","N","N","N","N","N"
"Dm9","Hbn/Opa/Slp",6,"Late",1,1,0,0,1,1,"Y","Luminance","Notch Off","N","Luminance","intrinsic",FALSE,144,"N","N","N","N","N","N","N","N","N"
"DmDRA1","Hbn/Opa/Slp",6,"Late",0,0,0,0,0,1,"Y","Polarization","Notch Off","N","Polarization","intrinsic",FALSE,136,"N","N","N","N","N","N","N","N","N"
"DmDRA2","Hbn/Opa/Slp",6,"Late",0,0,0,0,0,1,"Y","Color","Notch Off","N","Color","intrinsic",FALSE,136,"N","N","N","N","N","N","N","N","N"
"Lai","Hbn/Opa/Slp",6,"Late",1,0,0,0,0,1,"Y","Motion","Notch Off","N","Motion","intrinsic",FALSE,145,"N","N","N","N","N","N","N","N","N"
"Li06","Hbn/Opa/Slp",6,"Late",0,0,0,1,1,0,"Y","Color","Notch On","Y","Color","projection",FALSE,69,"N","N","N","N","N","N","N","N","N"
"MTe01a","Hbn/Opa/Slp",6,"Late",0,0,1,1,1,0,"Y","Unannotated","Notch Off","N","Unannotated","projection",FALSE,30,"N","N","N","N","N","N","N","N","N"
"Sm03","Hbn/Opa/Slp",6,"Late",0,0,1,0,0,0,"Y","Color","Notch Off","Y","Color","intrinsic",FALSE,38,"N","N","N","N","N","N","N","N","N"
"Tm20","Hbn/Opa/Slp",6,"Late",0,0,0,0,1,0,"Y","Color","Notch On","N","Color","projection",FALSE,61,"N","N","N","N","N","N","N","N","N"
"Tm25","Hbn/Opa/Slp",6,"Late",0,0,0,1,1,0,"Y","Object","Notch On","N","Object","projection",FALSE,71,"N","N","N","N","N","N","N","N","N"
"Tm5a","Hbn/Opa/Slp",6,"Late",0,0,0,1,1,0,"Y","Color","Notch On","N","Color","projection",FALSE,104,"N","N","N","N","N","N","N","N","N"
"Tm5b","Hbn/Opa/Slp",6,"Late",0,0,0,1,1,0,"Y","Color","Notch On","N","Color","projection",FALSE,104,"N","N","N","N","N","N","N","N","N"
"Tm5f","Hbn/Opa/Slp",6,"Late",0,0,0,0,1,0,"Y","Color","Notch On","Y","Color","projection",FALSE,82,"N","N","N","N","N","N","N","N","N"
"Tm8a","Hbn/Opa/Slp",6,"Late",1,0,0,0,0,0,"Y","Color","Notch On","Y","Color","projection",FALSE,53,"N","N","N","N","N","N","N","N","N"
"TmY10","Hbn/Opa/Slp",6,"Late",0,1,0,0,0,0,"Y","Color","Notch On","Y","Color","projection",FALSE,52,"N","N","N","N","N","N","N","N","N"
"TmY11","Hbn/Opa/Slp",6,"Late",1,1,0,0,0,0,"Y","Color","Notch On","Y","Color","projection",FALSE,45,"N","N","N","N","N","N","N","N","N"
"TmY14","Hbn/Opa/Slp",6,"Late",0,1,0,0,0,0,"Y","Object","Notch Off","N","Object","projection",FALSE,137,"N","N","N","N","N","N","N","N","N"
"Dm15","Slp/D",7,"Late",0,0,0,1,1,0,"Y","Motion","Notch Off","N","Motion","intrinsic",FALSE,124,"N","N","N","N","N","N","N","N","N"
"Dm3p","Slp/D",7,"Late",0,1,1,1,1,0,"Y","Form","Notch Off","N","Form","intrinsic",FALSE,225,"N","N","N","N","N","N","N","N","N"
"Dm3q","Slp/D",7,"Late",1,1,0,0,1,1,"Y","Form","Notch Off","N","Form","intrinsic",FALSE,226,"N","N","N","N","N","N","N","N","N"
"Dm3v","Slp/D",7,"Late",NA,NA,NA,NA,NA,NA,"N","Form","Notch Off","N","Form","intrinsic",FALSE,NA,"N","N","N","N","N","N","N","N","N"
"TmY4","Slp/D",7,"Late",0,1,1,1,0,0,"Y","Form","Notch On","N","Form","projection",FALSE,75,"N","N","N","N","N","N","N","N","N"
"Dm2","D/BH-1",8,"Late",1,1,1,1,1,1,"Y","Luminance","Notch Off","N","Luminance","intrinsic",FALSE,128,"N","N","N","N","N","N","N","N","N"
"Mi15","D/BH-1",8,"Late",0,0,0,0,1,1,"Y","Luminance","Notch Off","N","Luminance","intrinsic",FALSE,31,"N","N","N","N","N","N","N","N","N"
"Sm01","D/BH-1",8,"Late",1,1,0,0,0,0,"Y","Color","Notch Off","Y","Color","intrinsic",FALSE,129,"N","N","N","N","N","N","N","N","N"
"Sm02","D/BH-1",8,"Late",1,1,0,0,0,0,"Y","Color","Notch Off","Y","Color","intrinsic",FALSE,129,"N","N","N","N","N","N","N","N","N"
"T1","D/BH-1",8,"Late",1,1,1,1,1,1,"Y","Motion","Notch Off","N","Motion","projection",FALSE,1,"N","N","N","N","N","N","N","N","N"
