preset,palette,color_guide,filter_func,color_by,notch_split,do_highlight,hl_type,hl_col,hl_val,known_only
temporal_known,scale_color_nk2023,Temporal Origin,filter_temporal,temporal_label,TRUE,FALSE,none,none,none,TRUE
subsystem_known,scale_color_subsystem,Functional Subsystem,filter_subsystem,func,TRUE,FALSE,none,none,none,TRUE
temporal_new,scale_color_nk2023,Temporal Origin,filter_temporal,temporal_label,TRUE,TRUE,label,newly_ann,Y,FALSE
subsystem_new,scale_color_subsystem,Functional Subsystem,filter_subsystem,func,TRUE,TRUE,label,newly_ann,Y,FALSE
broad_known,scale_color_ih2025,Temporal Window,filter_broad,broad_temp,TRUE,FALSE,none,none,none,TRUE
broad_new,scale_color_ih2025,Temporal Window,filter_broad,broad_temp,TRUE,TRUE,label,newly_ann,Y,FALSE
temporal_all,scale_color_nk2023,Temporal Origin,filter_temporal_all,temporal_label,TRUE,FALSE,none,none,none,FALSE
type_putative_1,scale_color_type,Cell Type,filter_putative,cell_type,FALSE,TRUE,label,putative_hl1,Y,FALSE
type_putative_2,scale_color_type,Cell Type,filter_putative,cell_type,FALSE,TRUE,label,putative_hl2,Y,FALSE
type_putative_3,scale_color_type,Cell Type,filter_putative,cell_type,FALSE,TRUE,label,putative_hl3,Y,FALSE
type_putative_4,scale_color_type,Cell Type,filter_putative,cell_type,FALSE,TRUE,label,putative_hl4,Y,FALSE
type_putative_5,scale_color_type,Cell Type,filter_putative,cell_type,FALSE,TRUE,label,putative_hl5,Y,FALSE
type_putative_6,scale_color_type,Cell Type,filter_putative,cell_type,FALSE,TRUE,label,putative_hl6,Y,FALSE
type_putative_7,scale_color_type,Cell Type,filter_putative,cell_type,FALSE,TRUE,label,putative_hl7,Y,FALSE
type_putative_8,scale_color_type,Cell Type,filter_putative,cell_type,FALSE,TRUE,label,putative_hl8,Y,FALSE
type_putative_9,scale_color_type,Cell Type,filter_putative,cell_type,FALSE,TRUE,label,putative_hl9,Y,FALSE
subsystem_putative,scale_color_subsystem,Functional Subsystem,filter_putative,func,FALSE,FALSE,none,none,none,FALSE
temporal_all_type,scale_color_type,Cell Type,filter_temporal_all,cell_type,TRUE,FALSE,none,none,none,FALSE
type_putative,scale_color_type,Cell Type,filter_putative,cell_type,FALSE,FALSE,none,none,none,FALSE
subsystem_all,scale_color_subsystem,Functional Subsystem,filter_subsystem,func,TRUE,FALSE,none,none,none,FALSE
subsystem_putative_hl1,scale_color_subsystem,Functional Subsystem,filter_putative,func,FALSE,TRUE,label,putative_hl1,Y,FALSE
subsystem_putative_hl2,scale_color_subsystem,Functional Subsystem,filter_putative,func,FALSE,TRUE,label,putative_hl2,Y,FALSE
spatial_all,scale_color_spatial_origin,Spatial Origin,filter_spatial_origin,spatial_origin,FALSE,FALSE,none,none,none,FALSE
type_T1,scale_color_medulla_reference_t1,Medulla Reference,filter_t1,reference_group,FALSE,FALSE,none,none,none,FALSE
spatial_Hth,scale_color_medulla_hth_spatial,Spatial Origin,filter_hth_spatial,reference_group,FALSE,FALSE,none,none,none,FALSE
